{"A":{"a":-1.2056691342,"b":0.2585219266,"c":0.4101032919,"d":0.5506460239,"e":0.7684157386,"f":1.9241873811},"B":{"a":-1.152602799,"b":-0.6129277067,"c":0.7305398352,"d":1.8406673413,"e":1.3276907036,"f":0.1412207221},"C":{"a":0.2032007628,"b":0.3761093194,"c":1.4453536872,"d":-0.113450618,"e":0.2385629517,"f":0.0253740551},"D":{"a":-0.0384090998,"b":1.3015920678,"c":0.3431583171,"d":-1.3228414252,"e":-0.019347404,"f":0.5763257939},"again":{"a":"No","b":"Yes","c":"Yes","d":"Yes","e":"Yes","f":"Yes"},"mul":{"a":-2.3582719332,"b":-0.3544057801,"c":1.1406431271,"d":2.3913133652,"e":2.0961064422,"f":2.0654081032}}